<application>
  <component name="MaterialThemeConfig">
    <option name="compactMenus" value="true" />
    <option name="compactStatusBar" value="true" />
    <option name="compactTables" value="true" />
    <option name="contrastMode" value="true" />
    <option name="highlightColorEnabled" value="true" />
    <option name="premium" value="true" />
    <option name="allowDataCollection" value="true" />
    <option name="compactDropdowns" value="true" />
    <option name="compactSidebar" value="true" />
    <option name="fileStatusColorsEnabled" value="false" />
    <option name="isHighlightColorEnabled" value="true" />
    <option name="isCompactMenus" value="true" />
    <option name="isCompactStatusBar" value="true" />
    <option name="isCompactTables" value="true" />
    <option name="isContrastMode" value="true" />
    <option name="isWizardShown" value="true" />
    <option name="overrideAccentColor" value="false" />
    <option name="indicatorStyle" value="Dot" />
    <option name="settingsSelectedTab" value="1" />
    <option name="tabsHeight" value="24" />
    <option name="accentColor" value="7e57c2" />
    <option name="highlightColor" value="80cbc4" />
    <option name="selectedTheme" value="DEEPOCEAN" />
    <option name="userId" value="3f970feb:1683cb6d2cb:-7fff" />
    <option name="version" value="6.7.2" />
    <option name="tabHighlightPosition" value="Bottom" />
  </component>
</application>