<application>
  <component name="ShowUsagesSettings">
    <option name="IS_FILTER_DUPLICATED_LINE" value="false" />
  </component>
  <component name="UsageViewSettings">
    <option name="GROUP_BY_MODULE" value="false" />
    <option name="GROUP_BY_PACKAGE" value="false" />
    <option name="GROUP_BY_USAGE_TYPE" value="false" />
    <option name="IS_PREVIEW_USAGES" value="true" />
    <option name="PREVIEW_USAGES_SPLITTER_PROPORTIONS" value="0.49943116" />
    <option name="IS_SORT_MEMBERS_ALPHABETICALLY" value="true" />
  </component>
</application>